{
    "POSITION_GUESSING_NO_LB": {
        "delivered": [],
        "dropped": [],
        "volume_of_traffic": []
    },
    "POSITION_GUESSING_LB_ON_SATURATED_LINK": {
        "delivered": [],
        "dropped": [],
        "volume_of_traffic": []
    },
    "POSITION_GUESSING_PROGRESSIVE_LB": {
        "delivered": [],
        "dropped": [],
        "volume_of_traffic": []
    },
    "POSITION_SHARING_NO_LB": {
        "delivered": [],
        "dropped": [],
        "volume_of_traffic": []
    },
    "POSITION_SHARING_LB_ON_SATURATED_LINK": {
        "delivered": [],
        "dropped": [],
        "volume_of_traffic": []
    },
    "POSITION_SHARING_PROGRESSIVE_LB": {
        "delivered": [],
        "dropped": [],
        "volume_of_traffic": []
    },
    "POSITION_AND_LOAD_STATE_SHARING_ADAPTIVE_LB": {
        "delivered": [],
        "dropped": [],
        "volume_of_traffic": []
    },
    "POSITION_AND_STATE_SHARING_TWO_HOPS": {
        "delivered": [],
        "dropped": [],
        "volume_of_traffic": []
    },
    "POSITION_SHARING_COST_BALANCING": {
        "delivered": [],
        "dropped": [],
        "volume_of_traffic": []
    },
    "BASELINE_DIJKSTRA": {
        "delivered": [
            54.50766613443342,
            109.01533226886684,
            163.5229984033003,
            218.03066453773368,
            266.9647096348354,
            296.35765156180247,
            325.7505934887696,
            355.14353541573666,
            384.7533282544692,
            416.3925869494102
        ],
        "dropped": [
            3.1398078432612735,
            6.279615686522547,
            9.41942352978382,
            12.559231373045094,
            21.272660253638115,
            49.52719230436574,
            77.78172435509335,
            106.03625640582098,
            134.18236300066582,
            161.3137366674065
        ],
        "volume_of_traffic": [
            1,
            2,
            3,
            4,
            5,
            6,
            7,
            8,
            9,
            10
        ]
    },
    "SOURCE_ROUTING_NO_LB": {
        "delivered": [
            53.53793083446487,
            107.07586166892975,
            160.61379250339465,
            214.1517233378595,
            265.36731207343615,
            308.4407744881234,
            346.6590383535156,
            371.89604383258927,
            460.2696383263537,
            488.0773759181707
        ],
        "dropped": [
            4.109543143229828,
            8.219086286459657,
            12.328629429689485,
            16.438172572919314,
            22.87005781503737,
            37.444069378044844,
            56.873279490347294,
            89.28374798896832,
            61.69421648758937,
            94.10468498621043
        ],
        "volume_of_traffic": [
            1,
            2,
            3,
            4,
            5,
            6,
            7,
            8,
            9,
            10
        ]
    },
    "NODE_DISJOINT_SOURCE_ROUTING": {
        "delivered": [
            54.50766613443342,
            109.01533226886684,
            163.5229984033003,
            218.03066453773368,
            272.53833067216715,
            327.0459968066006,
            381.553662941034,
            436.06132907546737,
            475.41045612039346,
            510.4560623559927
        ],
        "dropped": [
            3.1398078432612735,
            6.279615686522547,
            9.41942352978382,
            12.559231373045094,
            15.699039216306367,
            18.83884705956764,
            21.978654902828914,
            25.118462746090188,
            43.525235134741585,
            67.25026126082399
        ],
        "volume_of_traffic": [
            1,
            2,
            3,
            4,
            5,
            6,
            7,
            8,
            9,
            10
        ]
    },
    "NODE_DISJOINT_SOURCE_ROUTING_LB": {
        "delivered": [
            55.6308245184204,
            104.69231468290087,
            160.30032323126053,
            195.72792128644636,
            260.8018498676968,
            313.15640554459213,
            332.48171584407373,
            437.0041467659162,
            394.5420921293257,
            444.094041995391
        ],
        "dropped": [
            2.0166494592742987,
            10.602633272488553,
            12.642098701823592,
            34.861974624332504,
            27.43552002077668,
            32.728438321576185,
            71.05060199978921,
            24.17564505564143,
            124.39359912580947,
            133.61228162142564
        ],
        "volume_of_traffic": [
            1,
            2,
            3,
            4,
            5,
            6,
            7,
            8,
            9,
            10
        ]
    },
    "EDGE_DISJOINT_SOURCE_ROUTING": {
        "delivered": [
            54.1322048573691,
            108.2644097147382,
            162.39661457210735,
            216.5288194294764,
            265.36731207343615,
            308.4407744881234,
            350.8189565138453,
            376.6502360158231,
            460.2696383263537,
            488.0773759181707
        ],
        "dropped": [
            3.5152691203255895,
            7.030538240651179,
            10.545807360976768,
            14.061076481302358,
            22.87005781503737,
            37.444069378044844,
            52.71336133001762,
            84.52955580573442,
            61.69421648758937,
            94.10468498621043
        ],
        "volume_of_traffic": [
            1,
            2,
            3,
            4,
            5,
            6,
            7,
            8,
            9,
            10
        ]
    },
    "EDGE_DISJOINT_SOURCE_ROUTING_LB": {
        "delivered": [
            54.1322048573691,
            108.2644097147382,
            162.39661457210735,
            216.5288194294764,
            268.154122592102,
            316.11286079932296,
            371.81749418858465,
            419.21999335838234,
            460.2696383263537,
            488.0773759181707
        ],
        "dropped": [
            3.5152691203255895,
            7.030538240651179,
            10.545807360976768,
            14.061076481302358,
            20.083247296371496,
            29.771983066845323,
            31.71482365527829,
            42.88300142071978,
            61.69421648758937,
            94.10468498621043
        ],
        "volume_of_traffic": [
            1,
            2,
            3,
            4,
            5,
            6,
            7,
            8,
            9,
            10
        ]
    },
    "EDGE_DISJOINT_SOURCE_ROUTING_COST_BALANCING": {
        "delivered": [
            53.51398398238706,
            105.80784395123408,
            162.081241078812,
            208.74762491803727,
            259.9732145823196,
            330.3436314023281,
            286.2799539934054,
            296.1060933111355,
            389.6712332949197,
            315.1651697173754
        ],
        "dropped": [
            4.133489995307643,
            9.487104004155334,
            10.86118085427208,
            21.84227099274154,
            28.26415530615389,
            15.541212463840164,
            117.25236385045744,
            165.07369851042216,
            129.1560325043326,
            261.3095700595715
        ],
        "volume_of_traffic": [
            1,
            2,
            3,
            4,
            5,
            6,
            7,
            8,
            9,
            10
        ]
    },
    "NODE_DISJOINT_SOURCE_ROUTING_ON_SATURATED_LINK": {
        "delivered": [],
        "dropped": [],
        "volume_of_traffic": []
    },
    "EDGE_DISJOINT_SOURCE_ROUTING_ON_SATURATED_LINK": {
        "delivered": [],
        "dropped": [],
        "volume_of_traffic": []
    },