{
    "POSITION_GUESSING_NO_LB": {
        "delivered": [
            39.977269652578215,
            79.95453930515643,
            119.93180895773466,
            159.90907861031286,
            197.09953774422522,
            224.51944529307028,
            251.93935284191522,
            275.93927359291774,
            296.1906609832118,
            323.54517887023536
        ],
        "dropped": [
            17.670204325116483,
            35.340408650232966,
            53.01061297534945,
            70.68081730046593,
            91.13783214424829,
            121.36539857309795,
            151.59296500194762,
            185.24051822863987,
            222.63660481604046,
            252.92956090671163
        ],
        "volume_of_traffic": [
            1,
            2,
            3,
            4,
            5,
            6,
            7,
            8,
            9,
            10
        ]
    },
    "POSITION_GUESSING_LB_ON_SATURATED_LINK": {
        "delivered": [
            39.977269652578215,
            79.95453930515643,
            130.2329112726376,
            182.37224629005237,
            219.94951498410612,
            264.5042469574328,
            301.60732209751313,
            343.2583571096458,
            380.0768177724362,
            427.8631308582625
        ],
        "dropped": [
            17.670204325116483,
            35.340408650232966,
            42.709510660446504,
            48.21764962072645,
            68.28785490436736,
            81.38059690873538,
            101.9249957463498,
            117.92143471191187,
            138.75044802681612,
            148.61160891868457
        ],
        "volume_of_traffic": [
            1,
            2,
            3,
            4,
            5,
            6,
            7,
            8,
            9,
            10
        ]
    },
    "POSITION_GUESSING_PROGRESSIVE_LB": {
        "delivered": [
            41.98732320187244,
            84.77866782346257,
            122.24674083473609,
            162.99565444631475,
            212.3402105918609,
            239.08220556352313,
            272.54161057686576,
            315.7034112533114,
            341.2141412349152,
            359.6012560164794
        ],
        "dropped": [
            15.660150775822252,
            30.516280131926813,
            50.695681098348025,
            67.59424146446405,
            75.8971592966126,
            106.8026383026451,
            130.99070726699708,
            145.47638056824619,
            177.61312456433706,
            216.87348376046765
        ],
        "volume_of_traffic": [
            1,
            2,
            3,
            4,
            5,
            6,
            7,
            8,
            9,
            10
        ]
    },
    "POSITION_SHARING_NO_LB": {
        "delivered": [
            53.55865223933672,
            107.11730447867345,
            160.67595671801018,
            214.2346089573469,
            263.1485769989071,
            295.77829239868856,
            328.40800779847,
            361.03772319825146,
            393.6674385980328,
            426.2971539978142
        ],
        "dropped": [
            4.088821738357985,
            8.17764347671597,
            12.266465215073953,
            16.35528695343194,
            25.088792889566378,
            50.106551467479655,
            75.12431004539292,
            100.14206862330619,
            125.15982720121947,
            150.17758577913276
        ],
        "volume_of_traffic": [
            1,
            2,
            3,
            4,
            5,
            6,
            7,
            8,
            9,
            10
        ]
    },
    "POSITION_SHARING_LB_ON_SATURATED_LINK": {
        "delivered": [
            53.55865223933672,
            107.11730447867345,
            160.67595671801018,
            214.2346089573469,
            268.72219803623886,
            326.4666376434867,
            381.698712775137,
            436.22710031444217,
            490.7554878537474,
            540.6391911952762
        ],
        "dropped": [
            4.088821738357985,
            8.17764347671597,
            12.266465215073953,
            16.35528695343194,
            19.515171852234634,
            19.418206222681558,
            21.833605068726012,
            24.952691507115443,
            28.07177794550487,
            35.83554858167076
        ],
        "volume_of_traffic": [
            1,
            2,
            3,
            4,
            5,
            6,
            7,
            8,
            9,
            10
        ]
    },
    "POSITION_SHARING_PROGRESSIVE_LB": {
        "delivered": [
            53.55865223933672,
            107.11730447867345,
            163.58516261791584,
            218.11355015722108,
            273.106406116304,
            329.72768733956485,
            377.5387946148073,
            431.4729081312083,
            485.40702164760927,
            534.6964509662339
        ],
        "dropped": [
            4.088821738357985,
            8.17764347671597,
            9.35725931516829,
            12.476345753557721,
            15.130963772169506,
            16.157156526603405,
            25.993523229055683,
            29.70688369034935,
            33.42024415164302,
            41.77828881071315
        ],
        "volume_of_traffic": [
            1,
            2,
            3,
            4,
            5,
            6,
            7,
            8,
            9,
            10
        ]
    },
    "POSITION_AND_LOAD_STATE_SHARING_ADAPTIVE_LB": {
        "delivered": [
            53.55865223933672,
            107.11730447867345,
            160.67595671801018,
            214.2346089573469,
            268.72219803623886,
            326.4666376434867,
            381.698712775137,
            436.22710031444217,
            490.7554878537474,
            540.6391911952762
        ],
        "dropped": [
            4.088821738357985,
            8.17764347671597,
            12.266465215073953,
            16.35528695343194,
            19.515171852234634,
            19.418206222681558,
            21.833605068726012,
            24.952691507115443,
            28.07177794550487,
            35.83554858167076
        ],
        "volume_of_traffic": [
            1,
            2,
            3,
            4,
            5,
            6,
            7,
            8,
            9,
            10
        ]
    },
    "POSITION_AND_STATE_SHARING_TWO_HOPS": {
        "delivered": [
            53.55865223933672,
            107.11730447867345,
            160.67595671801018,
            214.2346089573469,
            268.72219803623886,
            326.4666376434867,
            381.698712775137,
            436.22710031444217,
            490.7554878537474,
            540.6391911952762
        ],
        "dropped": [
            4.088821738357985,
            8.17764347671597,
            12.266465215073953,
            16.35528695343194,
            19.515171852234634,
            19.418206222681558,
            21.833605068726012,
            24.952691507115443,
            28.07177794550487,
            35.83554858167076
        ],
        "volume_of_traffic": [
            1,
            2,
            3,
            4,
            5,
            6,
            7,
            8,
            9,
            10
        ]
    },
    "POSITION_SHARING_COST_BALANCING": {
        "delivered": [
            53.55865223933672,
            107.11730447867345,
            160.67595671801018,
            214.2346089573469,
            268.25772961646123,
            327.1703252358317,
            381.698712775137,
            431.4729081312083,
            485.40702164760927,
            534.6964509662339
        ],