{
    "0.1": {
        "average_link_occupation": [
            0.8195148818056078,
            0.7867351810093977,
            0.9003595649133601,
            0.9492742015651691,
            0.8659330656122864,
            0.8327608153613215,
            0.8889330571905036,
            0.9337964437854765,
            0.8969784495998777,
            0.8564080453104548
        ],
        "involved_satellites": [
            51,
            53,
            54,
            53,
            51,
            44,
            47,
            51,
            52,
            54
        ],
        "cumulative_dropped_data": [
            44.96476928222103,
            109.98943403997562,
            94.52405972209735,
            144.3906971021855,
            45.266926004933396,
            27.64180139863887,
            85.23029641957946,
            108.96511123804062,
            183.09780693640295,
            111.07154057481482
        ],
        "volume_of_traffic": [
            20,
            20,
            20,
            20,
            20,
            20,
            20,
            20,
            20,
            20
        ]
    },
    "0.25": {
        "average_link_occupation": [
            0.6179599070384725,
            0.8902717466833173,
            0.8637182798704918,
            0.8168658092297535,
            0.777347786344841,
            0.799464936851968,
            0.9028029657248596,
            0.8221600627260368,
            0.921023632850484,
            0.8441894515159218
        ],
        "involved_satellites": [
            49,
            53,
            53,
            47,
            51,
            50,
            49,
            47,
            52,
            54
        ],
        "cumulative_dropped_data": [
            29.14205251178711,
            94.63661762539355,
            72.62363095631318,
            119.16050057325258,
            25.441668950905473,
            45.12996709950016,
            75.15211208534573,
            84.7859434417437,
            196.76763892163177,
            89.17421256865286
        ],
        "volume_of_traffic": [
            20,
            20,
            20,
            20,
            20,
            20,
            20,
            20,
            20,
            20
        ]
    },
    "0.37": {
        "average_link_occupation": [
            0.8029896130037942,
            0.872137975612233,
            0.8761171571191783,
            0.7077971992600113,
            0.8549702697231353,
            0.7943543585781477,
            0.858765122698438,
            0.8582091600262289,
            0.940185305336564,
            0.8720142634498721
        ],
        "involved_satellites": [
            51,
            53,
            53,
            48,
            49,
            49,
            49,
            51,
            52,
            54
        ],
        "cumulative_dropped_data": [
            24.408605792531112,
            97.29033114536864,
            82.10799020378343,
            97.70480800826203,
            40.64984227575618,
            25.18413138005021,
            74.08877014329255,
            60.23760424542317,
            166.48145282248672,
            88.72669914465226
        ],
        "volume_of_traffic": [
            20,
            20,
            20,
            20,
            20,
            20,
            20,
            20,
            20,
            20
        ]
    },
    "0.5": {
        "average_link_occupation": [
            0.6865016034162807,
            0.7579685102165106,
            0.9151316110830887,
            0.6623425165556438,
            0.7220494686341402,
            0.7761875856714239,
            0.5544401622584444,
            0.7908527862172487,
            0.7122233950931632,
            0.7197285968563337
        ],
        "involved_satellites": [
            41,
            50,
            54,
            52,
            51,
            41,
            48,
            41,
            52,
            43
        ],
        "cumulative_dropped_data": [
            23.325668141968713,
            75.07245367797286,
            48.257748927940554,
            105.52716329847993,
            21.16789141571399,
            4.633927421219386,
            78.58105666682704,
            71.01687745596682,
            181.1497768823823,
            87.74738860050925
        ],
        "volume_of_traffic": [
            20,
            20,
            20,
            20,
            20,
            20,
            20,
            20,
            20,
            20
        ]
    },
    "0.63": {
        "average_link_occupation": [
            0.7605781648885103,
            0.9062868846222962,
            0.8646677559492628,
            0.8940460478996071,
            0.746772049058059,
            0.5827491243774888,
            0.8540386431290898,
            0.6859300837960205,
            0.9356720694599114,
            0.6563697679993369
        ],
        "involved_satellites": [
            51,
            53,
            54,
            53,
            51,
            43,
            49,
            43,
            52,
            50
        ],
        "cumulative_dropped_data": [
            15.89798415268814,
            74.654215870252,
            41.727956566569844,
            89.63592993485055,
            22.20072038415481,
            3.0725514391653275,
            73.35245642727395,
            65.04530500736136,
            160.63167807539128,
            77.85756030795353
        ],
        "volume_of_traffic": [
            20,
            20,
            20,
            20,
            20,
            20,
            20,
            20,
            20,
            20
        ]
    },
    "0.75": {
        "average_link_occupation": [
            0.7237353988747137,
            0.8613211769057175,
            0.8942859902398537,
            0.5816508824802357,
            0.8894199834181117,
            0.5562085012997642,
            0.8963532810118507,
            0.6736287313221628,
            0.743274542715873,
            0.6642070102854212
        ],
        "involved_satellites": [
            45,
            53,
            54,
            53,
            50,
            39,
            49,
            41,
            52,
            34
        ],
        "cumulative_dropped_data": [
            16.60328246620046,
            74.54822308509488,
            41.49190899289965,
            99.84267725546916,
            11.528681476703115,
            6.145102878330655,
            72.11490488618121,
            55.971057015376715,
            171.4242248299663,
            65.75619930981213
        ],
        "volume_of_traffic": [
            20,
            20,
            20,
            20,
            20,
            20,
            20,
            20,
            20,
            20
        ]
    },
    "0.9": {
        "average_link_occupation": [
            0.7736800505054671,
            0.7478748252509235,
            0.9242274228738181,
            0.5600190849314438,
            0.49652272844318346,
            0.6565720673632695,
            0.9512638473054206,
            0.6594303253283127,
            0.8022923947088725,
            0.6436793304830611
        ],
        "involved_satellites": [
            33,
            44,
            54,
            53,
            41,
            35,
            49,
            33,
            52,
            36
        ],
        "cumulative_dropped_data": [
            14.179567344053936,
            74.30553587986415,
            41.40703099655389,
            94.0996748998436,
            1.1102230246251565e-15,
            6.145102878330655,
            77.347548008846,
            63.0670882968294,
            173.8749813732387,
            65.5864433171206
        ],